{
  "label": "fcgs-instant",
  "scene": "bonsai_iter7000",
  "source_ply": "/tmp/p2-fcgs-instant-1e3jhgaa/source.ply",
  "decoded_ply": "/tmp/p2-fcgs-instant-1e3jhgaa/decoded.ply",
  "n_cams": 8,
  "image_size": 512,
  "sh_degree": 3,
  "centroid": [
    -1.9907070398330688,
    2.7706518173217773,
    4.511308193206787
  ],
  "radius": 17.42731303189091,
  "min_src_mean_threshold": 0.05,
  "per_cam_psnr_db": [
    47.20944793427179,
    47.76077915073336,
    46.14639185303669,
    47.04702508851443,
    44.3488851320802,
    44.34691373660335,
    46.52007649857018,
    45.54773570229602
  ],
  "per_cam_src_mean": [
    0.7077662944793701,
    0.1566539853811264,
    0.24413299560546875,
    0.20645467936992645,
    0.30790969729423523,
    0.4226509928703308,
    0.25325846672058105,
    0.4328605830669403
  ],
  "per_cam_dec_mean": [
    0.7082463502883911,
    0.15673190355300903,
    0.24395141005516052,
    0.2068120688199997,
    0.30752241611480713,
    0.4229964017868042,
    0.25339770317077637,
    0.43281424045562744
  ],
  "per_cam_det_baseline_db": [
    100.0,
    100.0,
    100.0,
    100.0,
    100.0,
    100.0,
    100.0,
    100.0
  ],
  "per_cam_flag": [
    "CONTENT",
    "CONTENT",
    "CONTENT",
    "CONTENT",
    "CONTENT",
    "CONTENT",
    "CONTENT",
    "CONTENT"
  ],
  "content_cams": [
    0,
    1,
    2,
    3,
    4,
    5,
    6,
    7
  ],
  "content_mean_psnr_db": 46.11590688701325,
  "content_min_psnr_db": 44.34691373660335,
  "elapsed_sec": 77.08437848091125,
  "psnr_v2_wall_sec": 80.42905926704407,
  "stdout_tail": "[psnr2] fcgs-instant | bonsai_iter7000 | sh=3 n_src=1157141 n_dec=1157141\n[psnr2] centroid=[-1.9907070398330688, 2.7706518173217773, 4.511308193206787] radius=17.427\ngsplat: CUDA extension has been set up successfully in 72.59 seconds.\n[psnr2] per_cam: \n   cam0 [CONTENT      ] src_mean=0.7078 dec_mean=0.7082 det=100.00 dB | PSNR(dec,src)=47.209 dB\n   cam1 [CONTENT      ] src_mean=0.1567 dec_mean=0.1567 det=100.00 dB | PSNR(dec,src)=47.761 dB\n   cam2 [CONTENT      ] src_mean=0.2441 dec_mean=0.2440 det=100.00 dB | PSNR(dec,src)=46.146 dB\n   cam3 [CONTENT      ] src_mean=0.2065 dec_mean=0.2068 det=100.00 dB | PSNR(dec,src)=47.047 dB\n   cam4 [CONTENT      ] src_mean=0.3079 dec_mean=0.3075 det=100.00 dB | PSNR(dec,src)=44.349 dB\n   cam5 [CONTENT      ] src_mean=0.4227 dec_mean=0.4230 det=100.00 dB | PSNR(dec,src)=44.347 dB\n   cam6 [CONTENT      ] src_mean=0.2533 dec_mean=0.2534 det=100.00 dB | PSNR(dec,src)=46.520 dB\n   cam7 [CONTENT      ] src_mean=0.4329 dec_mean=0.4328 det=100.00 dB | PSNR(dec,src)=45.548 dB\n[psnr2] content_cams=[0, 1, 2, 3, 4, 5, 6, 7] mean=46.11590688701325 min=44.34691373660335\n[psnr2] wrote /tmp/p2-fcgs-instant-1e3jhgaa/psnr.json\n",
  "source_bytes": 286972500,
  "decoded_bytes": 286972500,
  "_encode_meta": {
    "status": "done",
    "output_url": "https://xmcqr5nqjygbqjqw.public.blob.vercel-storage.com/jobs/p2audit-fcgs-cb11a656/fcgs_output-JVDO6FJCTZx83HTXNWQTHcbEIb09oW.tar",
    "output_bytes": 301772800,
    "splat_count": 1157141,
    "preset": "fcgs-instant",
    "lmd": "0.0004",
    "input_bytes": 286972500,
    "bitstream_bytes": 14445560,
    "decoded_ply_bytes": 286972500,
    "encode_wall_secs": 10.19,
    "decode_wall_secs": 18.79,
    "encode_peak_gb": 0.0,
    "decode_peak_gb": 0.0
  }
}