{
  "label": "hosted-neural",
  "scene": "bonsai_iter7000",
  "source_ply": "/tmp/p2-hosted-neural-vuu1i3ha/source.ply",
  "decoded_ply": "/tmp/p2-hosted-neural-vuu1i3ha/decoded.ply",
  "n_cams": 8,
  "image_size": 512,
  "sh_degree": 3,
  "centroid": [
    -1.9907070398330688,
    2.7706518173217773,
    4.511308193206787
  ],
  "radius": 17.42731303189091,
  "min_src_mean_threshold": 0.05,
  "per_cam_psnr_db": [
    6.073260619672302,
    18.82651210645346,
    15.777281748917035,
    14.934607535795838,
    12.747403322995652,
    10.946397409871093,
    11.729698095367702,
    9.409714272536092
  ],
  "per_cam_src_mean": [
    0.7077662944793701,
    0.1566539853811264,
    0.24413299560546875,
    0.20645467936992645,
    0.30790969729423523,
    0.4226509928703308,
    0.25325846672058105,
    0.4328605532646179
  ],
  "per_cam_dec_mean": [
    0.3564072251319885,
    0.1415649801492691,
    0.2342846393585205,
    0.24314755201339722,
    0.28820115327835083,
    0.28480178117752075,
    0.167644202709198,
    0.22156314551830292
  ],
  "per_cam_det_baseline_db": [
    100.0,
    100.0,
    100.0,
    100.0,
    100.0,
    100.0,
    100.0,
    100.0
  ],
  "per_cam_flag": [
    "CONTENT",
    "CONTENT",
    "CONTENT",
    "CONTENT",
    "CONTENT",
    "CONTENT",
    "CONTENT",
    "CONTENT"
  ],
  "content_cams": [
    0,
    1,
    2,
    3,
    4,
    5,
    6,
    7
  ],
  "content_mean_psnr_db": 12.555609388951147,
  "content_min_psnr_db": 6.073260619672302,
  "elapsed_sec": 144.8187689781189,
  "psnr_v2_wall_sec": 152.530357837677,
  "stdout_tail": "[psnr2] hosted-neural | bonsai_iter7000 | sh=3 n_src=1157141 n_dec=578573\n[psnr2] centroid=[-1.9907070398330688, 2.7706518173217773, 4.511308193206787] radius=17.427\ngsplat: CUDA extension has been set up successfully in 134.27 seconds.\n[psnr2] per_cam: \n   cam0 [CONTENT      ] src_mean=0.7078 dec_mean=0.3564 det=100.00 dB | PSNR(dec,src)=6.073 dB\n   cam1 [CONTENT      ] src_mean=0.1567 dec_mean=0.1416 det=100.00 dB | PSNR(dec,src)=18.827 dB\n   cam2 [CONTENT      ] src_mean=0.2441 dec_mean=0.2343 det=100.00 dB | PSNR(dec,src)=15.777 dB\n   cam3 [CONTENT      ] src_mean=0.2065 dec_mean=0.2431 det=100.00 dB | PSNR(dec,src)=14.935 dB\n   cam4 [CONTENT      ] src_mean=0.3079 dec_mean=0.2882 det=100.00 dB | PSNR(dec,src)=12.747 dB\n   cam5 [CONTENT      ] src_mean=0.4227 dec_mean=0.2848 det=100.00 dB | PSNR(dec,src)=10.946 dB\n   cam6 [CONTENT      ] src_mean=0.2533 dec_mean=0.1676 det=100.00 dB | PSNR(dec,src)=11.730 dB\n   cam7 [CONTENT      ] src_mean=0.4329 dec_mean=0.2216 det=100.00 dB | PSNR(dec,src)=9.410 dB\n[psnr2] content_cams=[0, 1, 2, 3, 4, 5, 6, 7] mean=12.555609388951147 min=6.073260619672302\n[psnr2] wrote /tmp/p2-hosted-neural-vuu1i3ha/psnr.json\n",
  "source_bytes": 286972500,
  "decoded_bytes": 143487635,
  "_encode_meta": {
    "status": "done",
    "output_url": "https://xmcqr5nqjygbqjqw.public.blob.vercel-storage.com/jobs/p2audit-hn-39ff8d8f/hosted_neural-KWzz2WDB62216087pCNGkkYk7OuAOh.tar",
    "output_bytes": 289136640,
    "splat_count": 578573,
    "preset": "hosted-neural",
    "preset_params": {
      "iters": 1000,
      "image_size": 512,
      "target_neural_ratio": 0.05,
      "lambda_bits_init": 0.001,
      "seed": 0
    },
    "neural_ratio": 5.008,
    "neural_bytes": 57308072,
    "psnr_repack_db": 13.47,
    "psnr_opacity_prune_db": 9.447,
    "psnr_delta_db": 4.023,
    "bpsplat": 792.406,
    "encode_wall_secs": 158.0,
    "input_bytes": 286972500,
    "mode": "registered-scene",
    "scene": "bonsai"
  }
}