{
  "label": "size-min",
  "scene": "bonsai_iter7000",
  "source_ply": "/tmp/p2-size-min-349gyazq/source.ply",
  "decoded_ply": "/tmp/p2-size-min-349gyazq/decoded.ply",
  "n_cams": 8,
  "image_size": 512,
  "sh_degree": 3,
  "centroid": [
    -1.9907070398330688,
    2.7706518173217773,
    4.511308193206787
  ],
  "radius": 17.42731303189091,
  "min_src_mean_threshold": 0.05,
  "per_cam_psnr_db": [
    35.09435207087695,
    38.912245051763264,
    38.762855352475945,
    39.21579151156266,
    35.72046768036355,
    34.28961396257663,
    33.821700426774235,
    33.58641779951935
  ],
  "per_cam_src_mean": [
    0.7077662944793701,
    0.1566539853811264,
    0.24413299560546875,
    0.20645467936992645,
    0.30790969729423523,
    0.4226509928703308,
    0.25325846672058105,
    0.4328605830669403
  ],
  "per_cam_dec_mean": [
    0.7202271819114685,
    0.15622445940971375,
    0.2451818585395813,
    0.2064158022403717,
    0.3084565997123718,
    0.4247724413871765,
    0.2550334632396698,
    0.42872560024261475
  ],
  "per_cam_det_baseline_db": [
    100.0,
    100.0,
    100.0,
    100.0,
    100.0,
    100.0,
    100.0,
    100.0
  ],
  "per_cam_flag": [
    "CONTENT",
    "CONTENT",
    "CONTENT",
    "CONTENT",
    "CONTENT",
    "CONTENT",
    "CONTENT",
    "CONTENT"
  ],
  "content_cams": [
    0,
    1,
    2,
    3,
    4,
    5,
    6,
    7
  ],
  "content_mean_psnr_db": 36.175430481989075,
  "content_min_psnr_db": 33.58641779951935,
  "elapsed_sec": 83.82077646255493,
  "psnr_v2_wall_sec": 88.75420475006104,
  "stdout_tail": "[psnr2] size-min | bonsai_iter7000 | sh=3 n_src=1157141 n_dec=904511\n[psnr2] centroid=[-1.9907070398330688, 2.7706518173217773, 4.511308193206787] radius=17.427\ngsplat: CUDA extension has been set up successfully in 77.33 seconds.\n[psnr2] per_cam: \n   cam0 [CONTENT      ] src_mean=0.7078 dec_mean=0.7202 det=100.00 dB | PSNR(dec,src)=35.094 dB\n   cam1 [CONTENT      ] src_mean=0.1567 dec_mean=0.1562 det=100.00 dB | PSNR(dec,src)=38.912 dB\n   cam2 [CONTENT      ] src_mean=0.2441 dec_mean=0.2452 det=100.00 dB | PSNR(dec,src)=38.763 dB\n   cam3 [CONTENT      ] src_mean=0.2065 dec_mean=0.2064 det=100.00 dB | PSNR(dec,src)=39.216 dB\n   cam4 [CONTENT      ] src_mean=0.3079 dec_mean=0.3085 det=100.00 dB | PSNR(dec,src)=35.720 dB\n   cam5 [CONTENT      ] src_mean=0.4227 dec_mean=0.4248 det=100.00 dB | PSNR(dec,src)=34.290 dB\n   cam6 [CONTENT      ] src_mean=0.2533 dec_mean=0.2550 det=100.00 dB | PSNR(dec,src)=33.822 dB\n   cam7 [CONTENT      ] src_mean=0.4329 dec_mean=0.4287 det=100.00 dB | PSNR(dec,src)=33.586 dB\n[psnr2] content_cams=[0, 1, 2, 3, 4, 5, 6, 7] mean=36.175430481989075 min=33.58641779951935\n[psnr2] wrote /tmp/p2-size-min-349gyazq/psnr.json\n",
  "source_bytes": 286972500,
  "glb_bytes": 34373160,
  "decoded_bytes": 224320259,
  "optimize_wall_sec": 3.3837647438049316,
  "convert_wall_sec": 0.8089931011199951
}