{
  "label": "web-mobile",
  "scene": "bonsai_iter7000",
  "source_ply": "/tmp/p2-web-mobile-65omcs1p/source.ply",
  "decoded_ply": "/tmp/p2-web-mobile-65omcs1p/decoded.ply",
  "n_cams": 8,
  "image_size": 512,
  "sh_degree": 3,
  "centroid": [
    -1.9907070398330688,
    2.7706518173217773,
    4.511308193206787
  ],
  "radius": 17.42731303189091,
  "min_src_mean_threshold": 0.05,
  "per_cam_psnr_db": [
    34.86951893568249,
    39.71129376151281,
    40.583060083626286,
    41.00628281358043,
    38.121875746994704,
    35.47226382250177,
    34.54853597470206,
    34.28456138640405
  ],
  "per_cam_src_mean": [
    0.7077662944793701,
    0.1566539853811264,
    0.24413299560546875,
    0.20645467936992645,
    0.30790969729423523,
    0.4226509928703308,
    0.25325846672058105,
    0.4328605830669403
  ],
  "per_cam_dec_mean": [
    0.7210172414779663,
    0.15679211914539337,
    0.24564310908317566,
    0.2069331407546997,
    0.3087564706802368,
    0.42552804946899414,
    0.2556036710739136,
    0.42927318811416626
  ],
  "per_cam_det_baseline_db": [
    100.0,
    100.0,
    100.0,
    100.0,
    100.0,
    100.0,
    100.0,
    100.0
  ],
  "per_cam_flag": [
    "CONTENT",
    "CONTENT",
    "CONTENT",
    "CONTENT",
    "CONTENT",
    "CONTENT",
    "CONTENT",
    "CONTENT"
  ],
  "content_cams": [
    0,
    1,
    2,
    3,
    4,
    5,
    6,
    7
  ],
  "content_mean_psnr_db": 37.32467406562557,
  "content_min_psnr_db": 34.28456138640405,
  "elapsed_sec": 74.96007966995239,
  "psnr_v2_wall_sec": 79.18090224266052,
  "stdout_tail": "[psnr2] web-mobile | bonsai_iter7000 | sh=3 n_src=1157141 n_dec=1061636\n[psnr2] centroid=[-1.9907070398330688, 2.7706518173217773, 4.511308193206787] radius=17.427\ngsplat: CUDA extension has been set up successfully in 69.91 seconds.\n[psnr2] per_cam: \n   cam0 [CONTENT      ] src_mean=0.7078 dec_mean=0.7210 det=100.00 dB | PSNR(dec,src)=34.870 dB\n   cam1 [CONTENT      ] src_mean=0.1567 dec_mean=0.1568 det=100.00 dB | PSNR(dec,src)=39.711 dB\n   cam2 [CONTENT      ] src_mean=0.2441 dec_mean=0.2456 det=100.00 dB | PSNR(dec,src)=40.583 dB\n   cam3 [CONTENT      ] src_mean=0.2065 dec_mean=0.2069 det=100.00 dB | PSNR(dec,src)=41.006 dB\n   cam4 [CONTENT      ] src_mean=0.3079 dec_mean=0.3088 det=100.00 dB | PSNR(dec,src)=38.122 dB\n   cam5 [CONTENT      ] src_mean=0.4227 dec_mean=0.4255 det=100.00 dB | PSNR(dec,src)=35.472 dB\n   cam6 [CONTENT      ] src_mean=0.2533 dec_mean=0.2556 det=100.00 dB | PSNR(dec,src)=34.549 dB\n   cam7 [CONTENT      ] src_mean=0.4329 dec_mean=0.4293 det=100.00 dB | PSNR(dec,src)=34.285 dB\n[psnr2] content_cams=[0, 1, 2, 3, 4, 5, 6, 7] mean=37.32467406562557 min=34.28456138640405\n[psnr2] wrote /tmp/p2-web-mobile-65omcs1p/psnr.json\n",
  "source_bytes": 286972500,
  "glb_bytes": 40343908,
  "decoded_bytes": 263287260,
  "optimize_wall_sec": 2.5077853202819824,
  "convert_wall_sec": 0.34180259704589844
}