{"attributes": {"color_dc": true, "opacity": true, "position": true, "rotation": true, "scale": true, "sh_rest": true}, "boundingBox": {"max": [17.87511444091797, 26.562875747680664, 20.35114860534668], "min": [-26.652517318725586, -16.868806838989258, -28.147716522216797]}, "coordinateSystem": {"handedness": "right", "up": "Y"}, "estimatedMemory": {"ramMb": 66, "vramMb": 121}, "fileSize": 286972500, "format": "ply", "hash": "blake3:26d535223353f473940765828b3f78fe6819ebd5e8f1b30ce83059d7ade724c3", "opacityDistribution": {"max": 1.0, "mean": 0.2714635133743286, "median": 0.15909534692764282, "min": 0.001214694115333259}, "recommendations": [{"preset": "web-mobile", "rationale": "input larger than 100MB; web-mobile preset recommended"}], "scaleDistribution": {"max": [0.5997636914253235, 0.5513113141059875, 0.6087540984153748], "mean": [0.022806581109762192, 0.023552851751446724, 0.0236386489123106], "min": [3.0527444323524833e-6, 4.768000678723183e-7, 6.670792913610057e-7]}, "schemaVersion": "1", "shDegree": 3, "splatCount": 1157141, "warnings": []}
