{
  "scene": "bonsai_preserve",
  "src": "$HOME/catetus/scenes/bonsai.ply",
  "dec": "$HOME/Catetus/.bench-scenes/meson-validate/bonsai_preserve_decoded.ply",
  "sh_degree": 3,
  "n_cams": 5,
  "image_size": 512,
  "src_mean_per_cam": [
    0.49074023962020874,
    0.21465402841567993,
    0.21677307784557343,
    0.3708878755569458,
    0.23384854197502136
  ],
  "experiments": {
    "none": {
      "per_cam_psnr_db": [
        100.0,
        100.0,
        100.0,
        100.0,
        100.0
      ],
      "content_cams": [
        0,
        1,
        2,
        3,
        4
      ],
      "content_mean_psnr_db": 100.0,
      "frame_mean_luminance": [
        0.49074023962020874,
        0.21465402841567993,
        0.21677307784557343,
        0.3708878755569458,
        0.23384854197502136
      ]
    },
    "all": {
      "per_cam_psnr_db": [
        18.61046935791212,
        22.043844171243904,
        23.239983405429104,
        22.712833883100636,
        21.145282608799626
      ],
      "content_cams": [
        0,
        1,
        2,
        3,
        4
      ],
      "content_mean_psnr_db": 21.550482685297077,
      "frame_mean_luminance": [
        0.418108195066452,
        0.20695966482162476,
        0.21154294908046722,
        0.344458669424057,
        0.2028689682483673
      ]
    },
    "f_dc": {
      "per_cam_psnr_db": [
        38.09717594876923,
        39.819090509243495,
        40.55589900686553,
        40.84895594601554,
        41.268220119013314
      ],
      "content_cams": [
        0,
        1,
        2,
        3,
        4
      ],
      "content_mean_psnr_db": 40.11786830598142,
      "frame_mean_luminance": [
        0.4902905821800232,
        0.21498027443885803,
        0.21736285090446472,
        0.36971306800842285,
        0.2341988980770111
      ]
    },
    "f_rest": {
      "per_cam_psnr_db": [
        45.054338354765164,
        42.28930826008138,
        40.406935953755394,
        45.306306091311725,
        37.94430590347267
      ],
      "content_cams": [
        0,
        1,
        2,
        3,
        4
      ],
      "content_mean_psnr_db": 42.200238912677264,
      "frame_mean_luminance": [
        0.49275073409080505,
        0.21581844985485077,
        0.21717974543571472,
        0.37102222442626953,
        0.2344173789024353
      ]
    },
    "opacities": {
      "per_cam_psnr_db": [
        72.97850367340718,
        71.2303731691671,
        71.31429786533822,
        70.33885179119308,
        71.24111761263526
      ],
      "content_cams": [
        0,
        1,
        2,
        3,
        4
      ],
      "content_mean_psnr_db": 71.42062882234816,
      "frame_mean_luminance": [
        0.49080702662467957,
        0.21465985476970673,
        0.21678337454795837,
        0.37096989154815674,
        0.2338424175977707
      ]
    },
    "scales": {
      "per_cam_psnr_db": [
        18.570791790513166,
        22.163597568229854,
        23.438630013679372,
        22.716240868260115,
        21.236059135210667
      ],
      "content_cams": [
        0,
        1,
        2,
        3,
        4
      ],
      "content_mean_psnr_db": 21.625063875178633,
      "frame_mean_luminance": [
        0.4173315465450287,
        0.20575663447380066,
        0.21131491661071777,
        0.34481197595596313,
        0.20255884528160095
      ]
    },
    "quats": {
      "per_cam_psnr_db": [
        36.86761664028525,
        38.27919112935972,
        39.41922762746287,
        37.37695300600382,
        37.91740510911672
      ],
      "content_cams": [
        0,
        1,
        2,
        3,
        4
      ],
      "content_mean_psnr_db": 37.97207870244567,
      "frame_mean_luminance": [
        0.48949360847473145,
        0.21535775065422058,
        0.21637097001075745,
        0.3714493215084076,
        0.23446182906627655
      ]
    },
    "means": {
      "per_cam_psnr_db": [
        53.9647180390382,
        51.6277679257962,
        47.02835062448378,
        49.932423487415214,
        47.935327844012434
      ],
      "content_cams": [
        0,
        1,
        2,
        3,
        4
      ],
      "content_mean_psnr_db": 50.097717584149166,
      "frame_mean_luminance": [
        0.49051350355148315,
        0.21467149257659912,
        0.21679481863975525,
        0.3707846403121948,
        0.23387494683265686
      ]
    }
  },
  "elapsed_sec": 6.206897258758545,
  "note": "PSNR(hybrid, src). Lower PSNR = that attribute is the dominant divergence."
}