{
  "scene": "bonsai_iter7000",
  "src": "/home/montabano1/catetus/scenes/bonsai.ply",
  "dec": "/home/montabano1/Catetus/.bench-scenes/meson-validate/bonsai_iter7000_decoded.ply",
  "sh_degree": 3,
  "n_cams": 5,
  "image_size": 512,
  "src_mean_per_cam": [
    0.49074023962020874,
    0.21465402841567993,
    0.21677307784557343,
    0.3708878755569458,
    0.23384854197502136
  ],
  "experiments": {
    "none": {
      "per_cam_psnr_db": [
        100.0,
        100.0,
        100.0,
        100.0,
        100.0
      ],
      "content_cams": [
        0,
        1,
        2,
        3,
        4
      ],
      "content_mean_psnr_db": 100.0,
      "frame_mean_luminance": [
        0.49074023962020874,
        0.21465402841567993,
        0.21677307784557343,
        0.3708878755569458,
        0.23384854197502136
      ]
    },
    "all": {
      "per_cam_psnr_db": [
        18.61315271824782,
        22.04372761500209,
        23.240962183913627,
        22.711219927246162,
        21.14647691439334
      ],
      "content_cams": [
        0,
        1,
        2,
        3,
        4
      ],
      "content_mean_psnr_db": 21.55110787176061,
      "frame_mean_luminance": [
        0.41810688376426697,
        0.20695602893829346,
        0.2115263044834137,
        0.34444135427474976,
        0.20287439227104187
      ]
    },
    "f_dc": {
      "per_cam_psnr_db": [
        15.469903019944478,
        16.00196993330445,
        15.350356875361062,
        17.966619812650485,
        15.83662742142648
      ],
      "content_cams": [
        0,
        1,
        2,
        3,
        4
      ],
      "content_mean_psnr_db": 16.12509541253739,
      "frame_mean_luminance": [
        0.4003823697566986,
        0.3027101755142212,
        0.3034743070602417,
        0.43657228350639343,
        0.28386354446411133
      ]
    },
    "f_rest": {
      "per_cam_psnr_db": [
        42.59691057605957,
        41.02693790880795,
        39.34576496209139,
        42.938363764429056,
        34.716896986084095
      ],
      "content_cams": [
        0,
        1,
        2,
        3,
        4
      ],
      "content_mean_psnr_db": 40.12497483949441,
      "frame_mean_luminance": [
        0.49270474910736084,
        0.21604596078395844,
        0.21736082434654236,
        0.37117403745651245,
        0.23574590682983398
      ]
    },
    "opacities": {
      "per_cam_psnr_db": [
        17.6658446680549,
        23.49230791855743,
        22.79631584931616,
        22.271533210834328,
        19.588980433102407
      ],
      "content_cams": [
        0,
        1,
        2,
        3,
        4
      ],
      "content_mean_psnr_db": 21.162996415973048,
      "frame_mean_luminance": [
        0.5631866455078125,
        0.23409895598888397,
        0.24578052759170532,
        0.3914966583251953,
        0.24775582551956177
      ]
    },
    "scales": {
      "per_cam_psnr_db": [
        15.277361123372062,
        17.995132723261797,
        18.327085523438495,
        18.316095596995087,
        17.034975695622787
      ],
      "content_cams": [
        0,
        1,
        2,
        3,
        4
      ],
      "content_mean_psnr_db": 17.390130132538044,
      "frame_mean_luminance": [
        0.3701842725276947,
        0.2215859740972519,
        0.2443343847990036,
        0.34126052260398865,
        0.18961673974990845
      ]
    },
    "quats": {
      "per_cam_psnr_db": [
        26.935677706970793,
        29.738843637802745,
        29.511713506397403,
        29.465376643424847,
        28.695977656396177
      ],
      "content_cams": [
        0,
        1,
        2,
        3,
        4
      ],
      "content_mean_psnr_db": 28.86951783019839,
      "frame_mean_luminance": [
        0.4843382239341736,
        0.2169327437877655,
        0.2169232815504074,
        0.37080368399620056,
        0.23411226272583008
      ]
    },
    "means": {
      "per_cam_psnr_db": [
        16.304546205029773,
        16.89040083524894,
        14.749207010869041,
        17.56342838049517,
        14.483609080988987
      ],
      "content_cams": [
        0,
        1,
        2,
        3,
        4
      ],
      "content_mean_psnr_db": 15.998238302526383,
      "frame_mean_luminance": [
        0.4580335021018982,
        0.2514874339103699,
        0.3078976273536682,
        0.40106210112571716,
        0.2756354510784149
      ]
    }
  },
  "elapsed_sec": 7.0018298625946045,
  "note": "PSNR(hybrid, src). Lower PSNR = that attribute is the dominant divergence."
}