{
  "label": "codec-gs-mixed-crf28",
  "scene": "bicycle_iter7000",
  "source_ply": "/home/montabano1/catetus/scenes/bicycle.ply",
  "decoded_ply": "/home/montabano1/sf-crf-sweep/sanity-out/decoded/bicycle_iter7000_codecgs_crf28.ply",
  "n_cams": 8,
  "image_size": 512,
  "sh_degree": 3,
  "centroid": [
    -3.5893304347991943,
    -4.178813457489014,
    0.566841721534729
  ],
  "radius": 22.549272537231445,
  "min_src_mean_threshold": 0.05,
  "per_cam_psnr_db": [
    10.683501098248747,
    13.245247778563254,
    15.273005364102284,
    16.56450685402273,
    12.360987421964628,
    10.722513338017695,
    11.880451486018506,
    10.86140127328438
  ],
  "per_cam_src_mean": [
    0.39566168189048767,
    0.24446389079093933,
    0.2961266040802002,
    0.22619342803955078,
    0.5698026418685913,
    0.5202890634536743,
    0.5016342401504517,
    0.5318942666053772
  ],
  "per_cam_dec_mean": [
    0.48670172691345215,
    0.2374502718448639,
    0.272499680519104,
    0.2162611484527588,
    0.5912396311759949,
    0.4805191457271576,
    0.4299880862236023,
    0.4608019292354584
  ],
  "per_cam_det_baseline_db": [
    100.0,
    100.0,
    100.0,
    100.0,
    100.0,
    100.0,
    100.0,
    100.0
  ],
  "per_cam_flag": [
    "CONTENT",
    "CONTENT",
    "CONTENT",
    "CONTENT",
    "CONTENT",
    "CONTENT",
    "CONTENT",
    "CONTENT"
  ],
  "content_cams": [
    0,
    1,
    2,
    3,
    4,
    5,
    6,
    7
  ],
  "content_mean_psnr_db": 12.698951826777778,
  "content_min_psnr_db": 10.683501098248747,
  "elapsed_sec": 7.198357582092285
}