{
  "label": "mesonpp-k256",
  "scene": "bicycle_iter7000",
  "source_ply": "$HOME/catetus/scenes/bicycle.ply",
  "decoded_ply": "$HOME/Catetus/.bench-scenes/meson-validate/bicycle_decoded.ply",
  "n_cams": 8,
  "image_size": 512,
  "sh_degree": 3,
  "centroid": [
    -3.5893304347991943,
    -4.178813457489014,
    0.566841721534729
  ],
  "radius": 22.549272537231445,
  "min_src_mean_threshold": 0.05,
  "per_cam_psnr_db": [
    14.147882024597953,
    16.39525182749084,
    16.64428498562128,
    17.583994717664577,
    15.900863746292458,
    13.26305535281369,
    11.598711239449438,
    13.094021253316143
  ],
  "per_cam_src_mean": [
    0.39566168189048767,
    0.24446389079093933,
    0.2961266040802002,
    0.22619342803955078,
    0.5698026418685913,
    0.5202890634536743,
    0.5016342401504517,
    0.5318942666053772
  ],
  "per_cam_dec_mean": [
    0.3946012854576111,
    0.2152051031589508,
    0.24720780551433563,
    0.19508159160614014,
    0.5163236856460571,
    0.475539892911911,
    0.37683677673339844,
    0.39244911074638367
  ],
  "per_cam_det_baseline_db": [
    100.0,
    100.0,
    100.0,
    100.0,
    100.0,
    100.0,
    100.0,
    100.0
  ],
  "per_cam_flag": [
    "CONTENT",
    "CONTENT",
    "CONTENT",
    "CONTENT",
    "CONTENT",
    "CONTENT",
    "CONTENT",
    "CONTENT"
  ],
  "content_cams": [
    0,
    1,
    2,
    3,
    4,
    5,
    6,
    7
  ],
  "content_mean_psnr_db": 14.828508143405797,
  "content_min_psnr_db": 11.598711239449438,
  "elapsed_sec": 7.859201669692993
}