{
  "label": "mesonpp-k256",
  "scene": "bonsai_iter7000",
  "source_ply": "$HOME/catetus/saliency_v1_real/bonsai_iter7000.ply",
  "decoded_ply": "$HOME/Catetus/.bench-scenes/meson-validate/bonsai_iter7000_decoded.ply",
  "n_cams": 8,
  "image_size": 512,
  "sh_degree": 3,
  "centroid": [
    -1.9907070398330688,
    2.7706518173217773,
    4.511308193206787
  ],
  "radius": 17.427313327789307,
  "min_src_mean_threshold": 0.05,
  "per_cam_psnr_db": [
    9.858650765589005,
    22.506156893020083,
    21.38320019460249,
    23.50192962369441,
    21.30567759374457,
    17.65159113977606,
    20.533295747818947,
    14.34251761430988
  ],
  "per_cam_src_mean": [
    0.7077662944793701,
    0.1566539853811264,
    0.24413296580314636,
    0.20645467936992645,
    0.30790969729423523,
    0.4226509928703308,
    0.25325846672058105,
    0.4328605830669403
  ],
  "per_cam_dec_mean": [
    0.43750303983688354,
    0.14750607311725616,
    0.2393176555633545,
    0.20490823686122894,
    0.29459148645401,
    0.3641333281993866,
    0.21701523661613464,
    0.3247361183166504
  ],
  "per_cam_det_baseline_db": [
    100.0,
    100.0,
    100.0,
    100.0,
    100.0,
    100.0,
    100.0,
    100.0
  ],
  "per_cam_flag": [
    "CONTENT",
    "CONTENT",
    "CONTENT",
    "CONTENT",
    "CONTENT",
    "CONTENT",
    "CONTENT",
    "CONTENT"
  ],
  "content_cams": [
    0,
    1,
    2,
    3,
    4,
    5,
    6,
    7
  ],
  "content_mean_psnr_db": 18.88537744656943,
  "content_min_psnr_db": 9.858650765589005,
  "elapsed_sec": 3.494349479675293
}