{
  "label": "codec-gs-mixed-crf28",
  "scene": "bonsai_iter7000",
  "source_ply": "$HOME/catetus/saliency_v1_real/bonsai_iter7000.ply",
  "decoded_ply": "$HOME/sf-crf-sweep/sanity-out/decoded/bonsai_iter7000_codecgs_crf28.ply",
  "n_cams": 8,
  "image_size": 512,
  "sh_degree": 3,
  "centroid": [
    -1.9907070398330688,
    2.7706518173217773,
    4.511308193206787
  ],
  "radius": 17.427313327789307,
  "min_src_mean_threshold": 0.05,
  "per_cam_psnr_db": [
    15.141894121513467,
    20.16794881756205,
    17.511184824579406,
    18.711461866503203,
    15.114567712065085,
    14.576503869461845,
    17.002411748516938,
    16.04076029043016
  ],
  "per_cam_src_mean": [
    0.7077662944793701,
    0.1566539853811264,
    0.24413296580314636,
    0.20645467936992645,
    0.30790969729423523,
    0.4226509928703308,
    0.25325846672058105,
    0.4328605830669403
  ],
  "per_cam_dec_mean": [
    0.6002770662307739,
    0.15920878946781158,
    0.25118085741996765,
    0.2181546688079834,
    0.3014293313026428,
    0.39159759879112244,
    0.2349899262189865,
    0.4068426489830017
  ],
  "per_cam_det_baseline_db": [
    100.0,
    100.0,
    100.0,
    100.0,
    100.0,
    100.0,
    100.0,
    100.0
  ],
  "per_cam_flag": [
    "CONTENT",
    "CONTENT",
    "CONTENT",
    "CONTENT",
    "CONTENT",
    "CONTENT",
    "CONTENT",
    "CONTENT"
  ],
  "content_cams": [
    0,
    1,
    2,
    3,
    4,
    5,
    6,
    7
  ],
  "content_mean_psnr_db": 16.78334165632902,
  "content_min_psnr_db": 14.576503869461845,
  "elapsed_sec": 3.92311954498291
}