{
  "label": "codec-gs-mixed-crf28",
  "scene": "stump_iter7000",
  "source_ply": "$HOME/catetus/saliency_v1_real/stump_iter7000.ply",
  "decoded_ply": "$HOME/sf-crf-sweep/sanity-out/decoded/stump_iter7000_codecgs_crf28.ply",
  "n_cams": 8,
  "image_size": 512,
  "sh_degree": 3,
  "centroid": [
    -10.348064422607422,
    -20.887102127075195,
    -2.4670474529266357
  ],
  "radius": 70.23399925231934,
  "min_src_mean_threshold": 0.05,
  "per_cam_psnr_db": [
    11.799030084820444,
    15.841172312025577,
    14.202311061808617,
    15.18093685583409,
    11.981975093383044,
    14.209975302529177,
    14.071218067912099,
    14.271727857825569
  ],
  "per_cam_src_mean": [
    0.7382957339286804,
    0.2371153086423874,
    0.258480042219162,
    0.23559603095054626,
    0.3052552342414856,
    0.28013476729393005,
    0.2881830930709839,
    0.30637574195861816
  ],
  "per_cam_dec_mean": [
    0.7023105621337891,
    0.23517414927482605,
    0.2696794271469116,
    0.24248306453227997,
    0.30723506212234497,
    0.28886911273002625,
    0.3001292943954468,
    0.31165117025375366
  ],
  "per_cam_det_baseline_db": [
    100.0,
    100.0,
    100.0,
    100.0,
    100.0,
    100.0,
    100.0,
    100.0
  ],
  "per_cam_flag": [
    "CONTENT",
    "CONTENT",
    "CONTENT",
    "CONTENT",
    "CONTENT",
    "CONTENT",
    "CONTENT",
    "CONTENT"
  ],
  "content_cams": [
    0,
    1,
    2,
    3,
    4,
    5,
    6,
    7
  ],
  "content_mean_psnr_db": 13.944793329517328,
  "content_min_psnr_db": 11.799030084820444,
  "elapsed_sec": 9.310369729995728
}